NFE,Elapsed Time
4,17.899796745
8,36.455198974000005